Title,Content,Created Date,Closed Date,Category,User,Viewed By,Liked By,Disliked By,Is Anonymous
Vì sao thiên nhiên sản sinh ra nhiều loài côn trùng hút máu như vậy?,"Hãy nghĩ đơn giản về muỗi, muỗi vằn, ruồi… tại sao những loài vật hút máu này lại xuất hiện, ý nghĩa của chúng là gì? Từ nhiều góc độ, có vẻ như hầu hết những loài động vật hút máu này đều truyền bệnh và gây hại cho nhiều loài động vật khác.

Sự tiến hóa của côn trùng hút máu bắt đầu vào đầu kỷ Tam Điệp - Jura (Triassic-Jurassic). Vào thời điểm đó, những nhóm sinh vật họ ruồi và muỗi bắt đầu sinh sôi nảy nở. Vào kỷ Trias, loài muỗi bắt đầu tiến hóa thành phân họ muỗi nhà và phân họ Anopheles, và trong kỷ Jura, muỗi Anopheles và muỗi Aedes phân hóa. Bên cạnh đó, những loài rệp hút máu cũng phát triển vào thời điểm này.

Có hai giả thuyết chính về sự tiến hóa của côn trùng hút máu: giả thuyết ăn thực vật, giả thuyết ăn da chết.","16:53:35, 16/3/2023",,Category 1,duong,1,1,0,No
Thảm rong biển dài hơn 8.000km đe dọa các bãi biển tại Mỹ,"Việc tảo sargassum nở hoa không phải điều mới, nhưng đây được cho là đợt nở hoa lớn nhất từng được ghi nhận, trải dài từ Vịnh Mexico đến bờ biển ở Tây Phi, NBC đưa tin ngày 12/3.

Ở vùng biển ngoài khơi, loài tảo này gần như vô hại, ngược lại còn có một số lợi ích, như hấp thụ CO2 và cung cấp môi trường sống cho cá cùng các loài giáp xác.

Tuy vậy, các dòng hải lưu đang đẩy hàng trăm tấn tảo biển trôi dạt vào gần bờ biển ở Vịnh Mexico và Caribe. Tảo biển dạt vào đây có thể làm chết san hô, tàn phá hệ sinh thái ven biển, làm giảm chất lượng nước và không khí khi nó thối rữa.

Giới khoa học lo ngại sự xâm lấn của rong biển có thể tiếp diễn vào những tháng tới và đe dọa môi trường.","16:53:35, 16/3/2023",,Category 2,duong,2,1,0,Yes
"Luật An ninh mạng: Phát triển, mua bán, sử dụng tool hack trong game đều có thể bị pháp luật xử lý","Luật An ninh mạng quy định chi tiết 6 nhóm hành vi bị nghiêm cấm. Trong đó, khoản 3 điều 8 nếu rõ: “Sản xuất, đưa vào sử dụng công cụ, phương tiện, phần mềm hoặc có hành vi cản trở, gây rối loạn hoạt động của mạng máy tính, mạng viễn thông; phát tán chương trình tin học gây hại cho hoạt động của mạng máy tính, mạng viễn thông, phương tiện điện tử; xâm nhập trái phép vào mạng máy tính, mạng viễn thông hoặc phương tiện điện tử của người khác.”

Chiếu theo luật này, các hành vi phát triển, mua bán, sử dụng tool hack trong game đều có thể bị quy vào tội “Sản xuất, đưa vào sử dụng công cụ, phương tiện, phần mềm hoặc có hành vi cản trở, gây rối loạn hoạt động của mạng máy tính”. Như vậy, nếu bị cơ quan chức năng phát hiện hoặc bị các đơn vị phát hành game kiện, những người có hành vi này hoàn toàn phải chịu trách nhiệm trước pháp luật.","16:53:35, 16/3/2023",,Category 3,duong,1,0,0,Yes
Hack game và những hậu quả không phải ai cũng biết!,"Không chỉ làm giảm chất xám mà khi hack game bạn sẽ còn bị rơi vào các trạng thái rối loạn tâm trí cũng như thay đổi bản tính theo chiều hướng xấu.Hack có thể tăng thành tích của bạn. Hack có thể giúp bạn chiến thắng người khác. Hack có thể khiến bạn đạt những kỷ lục mà ko ai có thể làm được và Hack cũng giúp bạn trở thành 1 con người mất tự trọng. Khi chơi game, bắt găp phải một đối tượng hack thì những người chơi cùng sẽ không tiếc lời để phỉ bảng, l.ăng m.ạ, hạ nhục tên hacker (hoặc cheater này) tuy nhiên thì phóng viên Game8 khi đi khảo sát tại một số cửa hàng Internet ở hai thành phố lớn là Hà Nội và TP Hồ Chí Minh ghi nhận lại rằng người hacker mặt vẫn cứ đơ ra và thậm chí còn cười rất sảng khoái khi bị chửi.","16:53:35, 16/3/2023",,Category 1,duong,4,1,0,No
HACK CHEAT VÀ Ý THỨC NGƯỜI CHƠI GAME ONLINE,"Trách nhiệm: Khái niệm xa xỉ

Chính tính a dua, hiếu thắng của một bộ phận game thủ Việt Nam đã khiến cho hack có đất sống. Bạn bè họ sử dụng hack, vì tò mò họ cũng sẽ dùng thử. Dần dà, việc sử dụng hack cũng “gây nghiện”, giống như auto vậy. Sẽ đến một lúc nào đó game thủ khó có thể rời khỏi phần mềm hack khi chơi mỗi tựa game, đơn giản vì họ đã quá quen với chiến thắng dễ dàng, cũng như kỹ năng chơi game đã bị những phần mềm độc hại này bào mòn. Đó là lỗi, là trách nhiệm trực tiếp của những người chơi game online sử dụng hack cheat.","16:53:35, 16/3/2023",,Category 2,duong,1,1,0,Yes
test upload,Đang test mail,"17:19:34, 16/3/2023",,Category 1,dung,1,0,0,No
Hack game có thể ngồi tù đến 5 năm hoặc nộp phạt 50.000 USD,"Từ ngày 21/6, sử dụng, chế tạo và phân phối các phần mềm gian lận trong trò chơi điện tử sẽ là hành vi bất hợp pháp tại Hàn Quốc.

Theo Gametoc, đạo luật này đã được chính phủ Hàn Quốc thông qua hồi tháng 12/2016 và bắt đầu có hiệu lực vào cuối tháng này. Đây được xem là động thái tích cực nhất của chính phủ nhằm loại bỏ các ảnh hưởng tiêu cực của các hacker tại quốc gia được mệnh danh là ""thiên đường"" của ngành công nghiệp game thế giới.

Những người bị buộc tội vi phạm điều luật mới này có thể bị phạt tới 50.000 USD (khoảng 1,1 tỷ đồng) hoặc bị kết án đến 5 năm tù giam.Từ ngày 21/6, sử dụng, chế tạo và phân phối các phần mềm gian lận trong trò chơi điện tử sẽ là hành vi bất hợp pháp tại Hàn Quốc.

Theo Gametoc, đạo luật này đã được chính phủ Hàn Quốc thông qua hồi tháng 12/2016 và bắt đầu có hiệu lực vào cuối tháng này. Đây được xem là động thái tích cực nhất của chính phủ nhằm loại bỏ các ảnh hưởng tiêu cực của các hacker tại quốc gia được mệnh danh là ""thiên đường"" của ngành công nghiệp game thế giới.

Những người bị buộc tội vi phạm điều luật mới này có thể bị phạt tới 50.000 USD (khoảng 1,1 tỷ đồng) hoặc bị kết án đến 5 năm tù giam.","16:53:35, 16/3/2023",,Category 3,duong,1,1,0,No
Test Upload 2,Cái phần này bố mày đang test,"17:28:11, 16/3/2023",,Category 1,duong,0,0,0,No
Test Upload 3,Cái phần này bố mày đang test,"17:32:40, 16/3/2023",,Category 1,duong,1,0,0,No
Test Upload 3,Cái phần này bố mày đang test,"17:37:54, 16/3/2023",,Category 1,dung,1,0,0,Yes
ádasdas,ádasdasdasdas,"17:48:49, 16/3/2023",,Category 1,dung,1,0,0,Yes
Test upload 5,Bố m đang test được chưa,"18:06:43, 16/3/2023",,Category 1,stafftest1,4,1,0,No
Test upload 6,ádasdasdas,"18:49:33, 16/3/2023",,Category 1,dung,0,0,0,Yes
test upload 7,asfdassdas,"18:50:56, 16/3/2023",,Category 1,dung,0,0,0,Yes
Test upload 8,asdasdas,"18:51:58, 16/3/2023",,Category 1,dung,0,0,0,Yes
asdasdasda,asdasdasdas,"18:52:40, 16/3/2023",,Category 1,dung,0,0,0,Yes
asdasdas,dasdasdas,"18:53:37, 16/3/2023",,Category 1,dung,0,0,0,Yes
Thanh niên  CHIẾN ĐÃ BỊ BAN AC VÀO LÚC 22:23 ngày 16/3/2023,Đã được dương đẹp trai nhắc nhở cải tà quy chính nhưng vẫn phạm phải. Thật đáng tiếc cho 1 tài năng trẻ....,"22:34:57, 16/3/2023",,Category 1,duong,2,1,0,Yes
